inspection_id,project_id,inspection_date,inspection_score,inspection_status,remarks
INSP00001,P00001,2025-01-18,35,Failed,Work quality below expected standard
INSP00002,P00002,2025-07-11,85,Passed,Project inspection satisfactory
INSP00003,P00003,2026-02-08,85,Passed,Project inspection satisfactory
INSP00004,P00004,2025-02-13,85,Passed,Project inspection satisfactory
INSP00005,P00005,2025-11-25,85,Passed,Project inspection satisfactory
INSP00006,P00006,2025-02-04,85,Passed,Project inspection satisfactory
INSP00007,P00007,2024-09-25,85,Passed,Project inspection satisfactory
INSP00008,P00008,2025-04-28,85,Passed,Project inspection satisfactory
INSP00009,P00009,2025-03-11,85,Passed,Project inspection satisfactory
INSP00010,P00010,2026-02-21,85,Passed,Project inspection satisfactory
INSP00011,P00011,2024-07-01,85,Passed,Project inspection satisfactory
INSP00012,P00012,2024-03-22,85,Passed,Project inspection satisfactory
INSP00013,P00013,2024-10-31,85,Passed,Project inspection satisfactory
INSP00014,P00014,2025-02-16,85,Passed,Project inspection satisfactory
INSP00015,P00015,2025-08-04,85,Passed,Project inspection satisfactory
INSP00016,P00016,2025-12-16,85,Passed,Project inspection satisfactory
INSP00017,P00017,2026-05-03,85,Passed,Project inspection satisfactory
INSP00018,P00018,2025-10-06,85,Passed,Project inspection satisfactory
INSP00019,P00019,2024-09-30,85,Passed,Project inspection satisfactory
INSP00020,P00020,2025-08-23,85,Passed,Project inspection satisfactory
INSP00021,P00021,2025-03-01,85,Passed,Project inspection satisfactory
INSP00022,P00022,2026-04-11,85,Passed,Project inspection satisfactory
INSP00023,P00023,2025-04-06,85,Passed,Project inspection satisfactory
INSP00024,P00024,2024-07-30,85,Passed,Project inspection satisfactory
INSP00025,P00025,2024-05-30,85,Passed,Project inspection satisfactory
INSP00026,P00026,2024-10-07,85,Passed,Project inspection satisfactory
INSP00027,P00027,2024-11-23,85,Passed,Project inspection satisfactory
INSP00028,P00028,2025-11-03,85,Passed,Project inspection satisfactory
INSP00029,P00029,2024-05-08,85,Passed,Project inspection satisfactory
INSP00030,P00030,2026-02-27,85,Passed,Project inspection satisfactory
INSP00031,P00031,2024-07-01,85,Passed,Project inspection satisfactory
INSP00032,P00032,2025-11-21,85,Passed,Project inspection satisfactory
INSP00033,P00033,2025-05-11,85,Passed,Project inspection satisfactory
INSP00034,P00034,2025-07-23,85,Passed,Project inspection satisfactory
INSP00035,P00035,2024-05-15,85,Passed,Project inspection satisfactory
INSP00036,P00036,2025-09-12,85,Passed,Project inspection satisfactory
INSP00037,P00037,2024-09-18,85,Passed,Project inspection satisfactory
INSP00038,P00038,2024-04-10,85,Passed,Project inspection satisfactory
INSP00039,P00039,2026-02-23,85,Passed,Project inspection satisfactory
INSP00040,P00040,2026-03-09,85,Passed,Project inspection satisfactory
INSP00041,P00041,2024-06-23,85,Passed,Project inspection satisfactory
INSP00042,P00042,2024-03-28,85,Passed,Project inspection satisfactory
INSP00043,P00043,2025-08-27,85,Passed,Project inspection satisfactory
INSP00044,P00044,2025-01-08,85,Passed,Project inspection satisfactory
INSP00045,P00045,2024-07-20,85,Passed,Project inspection satisfactory
INSP00046,P00046,2024-11-12,35,Failed,Work quality below expected standard
INSP00047,P00047,2024-04-18,85,Passed,Project inspection satisfactory
INSP00048,P00048,2026-01-08,85,Passed,Project inspection satisfactory
INSP00049,P00049,2025-09-01,85,Passed,Project inspection satisfactory
INSP00050,P00050,2025-12-24,85,Passed,Project inspection satisfactory
INSP00051,P00051,2026-02-20,85,Passed,Project inspection satisfactory
INSP00052,P00052,2025-07-15,85,Passed,Project inspection satisfactory
INSP00053,P00053,2025-03-15,85,Passed,Project inspection satisfactory
INSP00054,P00054,2024-06-09,85,Passed,Project inspection satisfactory
INSP00055,P00055,2025-07-02,85,Passed,Project inspection satisfactory
INSP00056,P00056,2025-09-24,85,Passed,Project inspection satisfactory
INSP00057,P00057,2024-02-14,85,Passed,Project inspection satisfactory
INSP00058,P00058,2026-03-06,85,Passed,Project inspection satisfactory
INSP00059,P00059,2025-11-21,85,Passed,Project inspection satisfactory
INSP00060,P00060,2025-08-03,85,Passed,Project inspection satisfactory
INSP00061,P00061,2024-03-23,45,Needs Improvement,Physical progress requires verification
INSP00062,P00062,2025-05-30,85,Passed,Project inspection satisfactory
INSP00063,P00063,2024-10-28,85,Passed,Project inspection satisfactory
INSP00064,P00064,2025-10-02,85,Passed,Project inspection satisfactory
INSP00065,P00065,2025-11-07,85,Passed,Project inspection satisfactory
INSP00066,P00066,2025-07-18,85,Passed,Project inspection satisfactory
INSP00067,P00067,2025-03-24,85,Passed,Project inspection satisfactory
INSP00068,P00068,2024-01-12,85,Passed,Project inspection satisfactory
INSP00069,P00069,2024-10-11,85,Passed,Project inspection satisfactory
INSP00070,P00070,2024-02-20,85,Passed,Project inspection satisfactory
INSP00071,P00071,2026-01-02,85,Passed,Project inspection satisfactory
INSP00072,P00072,2026-04-26,85,Passed,Project inspection satisfactory
INSP00073,P00073,2024-10-31,85,Passed,Project inspection satisfactory
INSP00074,P00074,2025-08-22,85,Passed,Project inspection satisfactory
INSP00075,P00075,2025-04-10,85,Passed,Project inspection satisfactory
INSP00076,P00076,2026-01-22,85,Passed,Project inspection satisfactory
INSP00077,P00077,2025-03-23,85,Passed,Project inspection satisfactory
INSP00078,P00078,2024-06-10,85,Passed,Project inspection satisfactory
INSP00079,P00079,2025-09-23,85,Passed,Project inspection satisfactory
INSP00080,P00080,2026-04-22,85,Passed,Project inspection satisfactory
INSP00081,P00081,2025-02-11,25,Failed,Project site requires detailed investigation
INSP00082,P00082,2025-10-12,85,Passed,Project inspection satisfactory
INSP00083,P00083,2025-07-18,85,Passed,Project inspection satisfactory
INSP00084,P00084,2024-03-12,85,Passed,Project inspection satisfactory
INSP00085,P00085,2026-01-04,85,Passed,Project inspection satisfactory
INSP00086,P00086,2026-02-10,85,Passed,Project inspection satisfactory
INSP00087,P00087,2024-10-25,85,Passed,Project inspection satisfactory
INSP00088,P00088,2025-04-11,85,Passed,Project inspection satisfactory
INSP00089,P00089,2024-02-05,85,Passed,Project inspection satisfactory
INSP00090,P00090,2025-10-02,85,Passed,Project inspection satisfactory
INSP00091,P00091,2024-07-09,35,Failed,Work quality below expected standard
INSP00092,P00092,2025-07-01,85,Passed,Project inspection satisfactory
INSP00093,P00093,2024-06-09,85,Passed,Project inspection satisfactory
INSP00094,P00094,2025-09-29,85,Passed,Project inspection satisfactory
INSP00095,P00095,2024-04-26,85,Passed,Project inspection satisfactory
INSP00096,P00096,2025-07-31,85,Passed,Project inspection satisfactory
INSP00097,P00097,2025-06-12,85,Passed,Project inspection satisfactory
INSP00098,P00098,2025-01-22,85,Passed,Project inspection satisfactory
INSP00099,P00099,2025-12-27,85,Passed,Project inspection satisfactory
INSP00100,P00100,2025-05-23,85,Passed,Project inspection satisfactory
INSP00101,P00101,2025-10-30,85,Passed,Project inspection satisfactory
INSP00102,P00102,2024-05-07,85,Passed,Project inspection satisfactory
INSP00103,P00103,2025-08-16,85,Passed,Project inspection satisfactory
INSP00104,P00104,2025-08-04,85,Passed,Project inspection satisfactory
INSP00105,P00105,2024-05-12,85,Passed,Project inspection satisfactory
INSP00106,P00106,2025-07-18,85,Passed,Project inspection satisfactory
INSP00107,P00107,2024-08-16,85,Passed,Project inspection satisfactory
INSP00108,P00108,2024-06-08,85,Passed,Project inspection satisfactory
INSP00109,P00109,2026-01-21,85,Passed,Project inspection satisfactory
INSP00110,P00110,2024-02-22,85,Passed,Project inspection satisfactory
INSP00111,P00111,2024-10-04,85,Passed,Project inspection satisfactory
INSP00112,P00112,2025-02-18,85,Passed,Project inspection satisfactory
INSP00113,P00113,2024-06-08,85,Passed,Project inspection satisfactory
INSP00114,P00114,2026-03-11,85,Passed,Project inspection satisfactory
INSP00115,P00115,2024-02-17,85,Passed,Project inspection satisfactory
INSP00116,P00116,2024-11-29,85,Passed,Project inspection satisfactory
INSP00117,P00117,2025-01-11,85,Passed,Project inspection satisfactory
INSP00118,P00118,2024-10-09,85,Passed,Project inspection satisfactory
INSP00119,P00119,2025-12-13,85,Passed,Project inspection satisfactory
INSP00120,P00120,2025-08-11,85,Passed,Project inspection satisfactory
INSP00121,P00121,2024-11-23,45,Needs Improvement,Physical progress requires verification
INSP00122,P00122,2025-05-30,85,Passed,Project inspection satisfactory
INSP00123,P00123,2024-12-30,85,Passed,Project inspection satisfactory
INSP00124,P00124,2024-05-28,85,Passed,Project inspection satisfactory
INSP00125,P00125,2024-04-02,85,Passed,Project inspection satisfactory
INSP00126,P00126,2024-02-10,85,Passed,Project inspection satisfactory
INSP00127,P00127,2024-04-19,85,Passed,Project inspection satisfactory
INSP00128,P00128,2024-10-01,85,Passed,Project inspection satisfactory
INSP00129,P00129,2024-04-27,85,Passed,Project inspection satisfactory
INSP00130,P00130,2024-12-08,85,Passed,Project inspection satisfactory
INSP00131,P00131,2024-07-14,85,Passed,Project inspection satisfactory
INSP00132,P00132,2025-04-11,85,Passed,Project inspection satisfactory
INSP00133,P00133,2026-03-24,85,Passed,Project inspection satisfactory
INSP00134,P00134,2024-06-02,85,Passed,Project inspection satisfactory
INSP00135,P00135,2025-01-03,85,Passed,Project inspection satisfactory
INSP00136,P00136,2025-12-09,35,Failed,Work quality below expected standard
INSP00137,P00137,2024-11-21,85,Passed,Project inspection satisfactory
INSP00138,P00138,2025-10-07,85,Passed,Project inspection satisfactory
INSP00139,P00139,2025-09-03,85,Passed,Project inspection satisfactory
INSP00140,P00140,2025-02-22,85,Passed,Project inspection satisfactory
INSP00141,P00141,2024-08-02,85,Passed,Project inspection satisfactory
INSP00142,P00142,2025-03-09,85,Passed,Project inspection satisfactory
INSP00143,P00143,2025-02-19,85,Passed,Project inspection satisfactory
INSP00144,P00144,2026-01-21,85,Passed,Project inspection satisfactory
INSP00145,P00145,2024-06-24,85,Passed,Project inspection satisfactory
INSP00146,P00146,2024-05-09,85,Passed,Project inspection satisfactory
INSP00147,P00147,2025-10-28,85,Passed,Project inspection satisfactory
INSP00148,P00148,2024-03-26,85,Passed,Project inspection satisfactory
INSP00149,P00149,2026-04-25,85,Passed,Project inspection satisfactory
INSP00150,P00150,2025-02-08,85,Passed,Project inspection satisfactory
INSP00151,P00151,2024-07-19,85,Passed,Project inspection satisfactory
INSP00152,P00152,2024-07-22,85,Passed,Project inspection satisfactory
INSP00153,P00153,2026-01-25,85,Passed,Project inspection satisfactory
INSP00154,P00154,2024-12-11,85,Passed,Project inspection satisfactory
INSP00155,P00155,2026-03-01,85,Passed,Project inspection satisfactory
INSP00156,P00156,2024-12-01,85,Passed,Project inspection satisfactory
INSP00157,P00157,2025-09-07,85,Passed,Project inspection satisfactory
INSP00158,P00158,2024-08-16,85,Passed,Project inspection satisfactory
INSP00159,P00159,2025-09-05,85,Passed,Project inspection satisfactory
INSP00160,P00160,2025-05-16,85,Passed,Project inspection satisfactory
INSP00161,P00161,2026-05-01,25,Failed,Project site requires detailed investigation
INSP00162,P00162,2025-01-25,85,Passed,Project inspection satisfactory
INSP00163,P00163,2026-01-07,85,Passed,Project inspection satisfactory
INSP00164,P00164,2025-06-22,85,Passed,Project inspection satisfactory
INSP00165,P00165,2024-07-18,85,Passed,Project inspection satisfactory
INSP00166,P00166,2025-06-05,85,Passed,Project inspection satisfactory
INSP00167,P00167,2024-07-13,85,Passed,Project inspection satisfactory
INSP00168,P00168,2025-06-26,85,Passed,Project inspection satisfactory
INSP00169,P00169,2024-07-19,85,Passed,Project inspection satisfactory
INSP00170,P00170,2024-07-02,85,Passed,Project inspection satisfactory
INSP00171,P00171,2025-04-20,85,Passed,Project inspection satisfactory
INSP00172,P00172,2025-01-24,85,Passed,Project inspection satisfactory
INSP00173,P00173,2025-05-19,85,Passed,Project inspection satisfactory
INSP00174,P00174,2024-06-10,85,Passed,Project inspection satisfactory
INSP00175,P00175,2025-02-19,85,Passed,Project inspection satisfactory
INSP00176,P00176,2025-11-29,85,Passed,Project inspection satisfactory
INSP00177,P00177,2025-12-11,85,Passed,Project inspection satisfactory
INSP00178,P00178,2026-04-15,85,Passed,Project inspection satisfactory
INSP00179,P00179,2025-09-22,85,Passed,Project inspection satisfactory
INSP00180,P00180,2026-03-22,85,Passed,Project inspection satisfactory
INSP00181,P00181,2026-04-29,35,Failed,Work quality below expected standard
INSP00182,P00182,2025-03-28,85,Passed,Project inspection satisfactory
INSP00183,P00183,2024-02-20,85,Passed,Project inspection satisfactory
INSP00184,P00184,2024-04-12,85,Passed,Project inspection satisfactory
INSP00185,P00185,2024-10-30,85,Passed,Project inspection satisfactory
INSP00186,P00186,2026-03-10,85,Passed,Project inspection satisfactory
INSP00187,P00187,2024-10-12,85,Passed,Project inspection satisfactory
INSP00188,P00188,2026-03-11,85,Passed,Project inspection satisfactory
INSP00189,P00189,2026-04-20,85,Passed,Project inspection satisfactory
INSP00190,P00190,2024-11-02,85,Passed,Project inspection satisfactory
INSP00191,P00191,2024-04-25,85,Passed,Project inspection satisfactory
INSP00192,P00192,2024-05-28,85,Passed,Project inspection satisfactory
INSP00193,P00193,2024-08-30,85,Passed,Project inspection satisfactory
INSP00194,P00194,2025-10-15,85,Passed,Project inspection satisfactory
INSP00195,P00195,2025-10-23,85,Passed,Project inspection satisfactory
INSP00196,P00196,2025-11-20,85,Passed,Project inspection satisfactory
INSP00197,P00197,2026-01-27,85,Passed,Project inspection satisfactory
INSP00198,P00198,2025-05-05,85,Passed,Project inspection satisfactory
INSP00199,P00199,2025-12-06,85,Passed,Project inspection satisfactory
INSP00200,P00200,2025-03-21,85,Passed,Project inspection satisfactory
INSP00201,P00201,2024-05-22,85,Passed,Project inspection satisfactory
INSP00202,P00202,2024-10-04,85,Passed,Project inspection satisfactory
INSP00203,P00203,2024-10-25,85,Passed,Project inspection satisfactory
INSP00204,P00204,2024-03-02,85,Passed,Project inspection satisfactory
INSP00205,P00205,2024-11-28,85,Passed,Project inspection satisfactory
INSP00206,P00206,2024-03-29,85,Passed,Project inspection satisfactory
INSP00207,P00207,2026-01-18,85,Passed,Project inspection satisfactory
INSP00208,P00208,2024-03-30,85,Passed,Project inspection satisfactory
INSP00209,P00209,2025-09-21,85,Passed,Project inspection satisfactory
INSP00210,P00210,2025-01-11,85,Passed,Project inspection satisfactory
INSP00211,P00211,2025-03-07,85,Passed,Project inspection satisfactory
INSP00212,P00212,2025-03-09,85,Passed,Project inspection satisfactory
INSP00213,P00213,2024-06-03,85,Passed,Project inspection satisfactory
INSP00214,P00214,2026-01-05,85,Passed,Project inspection satisfactory
INSP00215,P00215,2025-02-20,85,Passed,Project inspection satisfactory
INSP00216,P00216,2024-08-11,85,Passed,Project inspection satisfactory
INSP00217,P00217,2024-02-20,85,Passed,Project inspection satisfactory
INSP00218,P00218,2026-05-02,85,Passed,Project inspection satisfactory
INSP00219,P00219,2025-04-27,85,Passed,Project inspection satisfactory
INSP00220,P00220,2025-04-03,85,Passed,Project inspection satisfactory
INSP00221,P00221,2025-06-30,85,Passed,Project inspection satisfactory
INSP00222,P00222,2025-10-14,85,Passed,Project inspection satisfactory
INSP00223,P00223,2025-07-22,85,Passed,Project inspection satisfactory
INSP00224,P00224,2025-08-10,85,Passed,Project inspection satisfactory
INSP00225,P00225,2025-09-16,85,Passed,Project inspection satisfactory
INSP00226,P00226,2024-10-24,35,Failed,Work quality below expected standard
INSP00227,P00227,2026-01-31,85,Passed,Project inspection satisfactory
INSP00228,P00228,2024-02-25,85,Passed,Project inspection satisfactory
INSP00229,P00229,2024-05-13,85,Passed,Project inspection satisfactory
INSP00230,P00230,2026-02-16,85,Passed,Project inspection satisfactory
INSP00231,P00231,2024-01-21,85,Passed,Project inspection satisfactory
INSP00232,P00232,2024-09-16,85,Passed,Project inspection satisfactory
INSP00233,P00233,2025-06-19,85,Passed,Project inspection satisfactory
INSP00234,P00234,2025-04-28,85,Passed,Project inspection satisfactory
INSP00235,P00235,2024-03-16,85,Passed,Project inspection satisfactory
INSP00236,P00236,2024-04-25,85,Passed,Project inspection satisfactory
INSP00237,P00237,2024-02-06,85,Passed,Project inspection satisfactory
INSP00238,P00238,2025-03-06,85,Passed,Project inspection satisfactory
INSP00239,P00239,2025-05-01,85,Passed,Project inspection satisfactory
INSP00240,P00240,2024-07-06,85,Passed,Project inspection satisfactory
INSP00241,P00241,2025-07-28,45,Needs Improvement,Physical progress requires verification
INSP00242,P00242,2024-07-20,85,Passed,Project inspection satisfactory
INSP00243,P00243,2025-06-16,85,Passed,Project inspection satisfactory
INSP00244,P00244,2026-01-05,85,Passed,Project inspection satisfactory
INSP00245,P00245,2026-01-24,85,Passed,Project inspection satisfactory
INSP00246,P00246,2025-12-01,85,Passed,Project inspection satisfactory
INSP00247,P00247,2026-01-11,85,Passed,Project inspection satisfactory
INSP00248,P00248,2025-10-01,85,Passed,Project inspection satisfactory
INSP00249,P00249,2024-06-13,85,Passed,Project inspection satisfactory
INSP00250,P00250,2024-06-17,85,Passed,Project inspection satisfactory
INSP00251,P00251,2025-08-06,85,Passed,Project inspection satisfactory
INSP00252,P00252,2026-05-02,85,Passed,Project inspection satisfactory
INSP00253,P00253,2024-04-19,85,Passed,Project inspection satisfactory
INSP00254,P00254,2024-03-14,85,Passed,Project inspection satisfactory
INSP00255,P00255,2024-03-03,85,Passed,Project inspection satisfactory
INSP00256,P00256,2024-02-13,85,Passed,Project inspection satisfactory
INSP00257,P00257,2026-04-23,85,Passed,Project inspection satisfactory
INSP00258,P00258,2025-07-10,85,Passed,Project inspection satisfactory
INSP00259,P00259,2024-07-26,85,Passed,Project inspection satisfactory
INSP00260,P00260,2025-01-11,85,Passed,Project inspection satisfactory
INSP00261,P00261,2026-03-12,85,Passed,Project inspection satisfactory
INSP00262,P00262,2024-01-11,85,Passed,Project inspection satisfactory
INSP00263,P00263,2024-05-14,85,Passed,Project inspection satisfactory
INSP00264,P00264,2026-03-12,85,Passed,Project inspection satisfactory
INSP00265,P00265,2025-04-08,85,Passed,Project inspection satisfactory
INSP00266,P00266,2025-08-06,85,Passed,Project inspection satisfactory
INSP00267,P00267,2025-07-30,85,Passed,Project inspection satisfactory
INSP00268,P00268,2024-12-31,85,Passed,Project inspection satisfactory
INSP00269,P00269,2024-05-23,85,Passed,Project inspection satisfactory
INSP00270,P00270,2024-09-07,85,Passed,Project inspection satisfactory
INSP00271,P00271,2025-09-10,35,Failed,Work quality below expected standard
INSP00272,P00272,2025-06-12,85,Passed,Project inspection satisfactory
INSP00273,P00273,2025-12-15,85,Passed,Project inspection satisfactory
INSP00274,P00274,2026-02-04,85,Passed,Project inspection satisfactory
INSP00275,P00275,2025-02-17,85,Passed,Project inspection satisfactory
INSP00276,P00276,2024-07-24,85,Passed,Project inspection satisfactory
INSP00277,P00277,2025-10-09,85,Passed,Project inspection satisfactory
INSP00278,P00278,2025-03-07,85,Passed,Project inspection satisfactory
INSP00279,P00279,2024-12-24,85,Passed,Project inspection satisfactory
INSP00280,P00280,2025-06-13,85,Passed,Project inspection satisfactory
INSP00281,P00281,2025-04-19,85,Passed,Project inspection satisfactory
INSP00282,P00282,2024-06-03,85,Passed,Project inspection satisfactory
INSP00283,P00283,2024-09-23,85,Passed,Project inspection satisfactory
INSP00284,P00284,2024-10-19,85,Passed,Project inspection satisfactory
INSP00285,P00285,2024-04-03,85,Passed,Project inspection satisfactory
INSP00286,P00286,2024-03-05,85,Passed,Project inspection satisfactory
INSP00287,P00287,2024-06-17,85,Passed,Project inspection satisfactory
INSP00288,P00288,2025-08-20,85,Passed,Project inspection satisfactory
INSP00289,P00289,2026-01-16,85,Passed,Project inspection satisfactory
INSP00290,P00290,2026-01-14,85,Passed,Project inspection satisfactory
INSP00291,P00291,2024-05-21,85,Passed,Project inspection satisfactory
INSP00292,P00292,2024-04-01,85,Passed,Project inspection satisfactory
INSP00293,P00293,2025-12-01,85,Passed,Project inspection satisfactory
INSP00294,P00294,2025-03-26,85,Passed,Project inspection satisfactory
INSP00295,P00295,2024-09-21,85,Passed,Project inspection satisfactory
INSP00296,P00296,2024-02-11,85,Passed,Project inspection satisfactory
INSP00297,P00297,2024-07-22,85,Passed,Project inspection satisfactory
INSP00298,P00298,2025-02-24,85,Passed,Project inspection satisfactory
INSP00299,P00299,2025-01-02,85,Passed,Project inspection satisfactory
INSP00300,P00300,2025-02-21,85,Passed,Project inspection satisfactory
INSP00301,P00301,2024-03-11,45,Needs Improvement,Physical progress requires verification
INSP00302,P00302,2024-01-21,85,Passed,Project inspection satisfactory
INSP00303,P00303,2024-08-31,85,Passed,Project inspection satisfactory
INSP00304,P00304,2024-05-23,85,Passed,Project inspection satisfactory
INSP00305,P00305,2024-10-16,85,Passed,Project inspection satisfactory
INSP00306,P00306,2024-10-04,85,Passed,Project inspection satisfactory
INSP00307,P00307,2025-01-05,85,Passed,Project inspection satisfactory
INSP00308,P00308,2025-04-21,85,Passed,Project inspection satisfactory
INSP00309,P00309,2024-04-13,85,Passed,Project inspection satisfactory
INSP00310,P00310,2025-03-16,85,Passed,Project inspection satisfactory
INSP00311,P00311,2026-01-02,85,Passed,Project inspection satisfactory
INSP00312,P00312,2025-05-03,85,Passed,Project inspection satisfactory
INSP00313,P00313,2024-02-14,85,Passed,Project inspection satisfactory
INSP00314,P00314,2024-02-09,85,Passed,Project inspection satisfactory
INSP00315,P00315,2025-10-10,85,Passed,Project inspection satisfactory
INSP00316,P00316,2025-01-12,35,Failed,Work quality below expected standard
INSP00317,P00317,2025-08-07,85,Passed,Project inspection satisfactory
INSP00318,P00318,2026-01-06,85,Passed,Project inspection satisfactory
INSP00319,P00319,2026-04-05,85,Passed,Project inspection satisfactory
INSP00320,P00320,2026-01-18,85,Passed,Project inspection satisfactory
INSP00321,P00321,2025-02-16,25,Failed,Project site requires detailed investigation
INSP00322,P00322,2024-07-20,85,Passed,Project inspection satisfactory
INSP00323,P00323,2024-09-15,85,Passed,Project inspection satisfactory
INSP00324,P00324,2025-12-01,85,Passed,Project inspection satisfactory
INSP00325,P00325,2025-12-08,85,Passed,Project inspection satisfactory
INSP00326,P00326,2025-02-25,85,Passed,Project inspection satisfactory
INSP00327,P00327,2026-03-29,85,Passed,Project inspection satisfactory
INSP00328,P00328,2024-07-20,85,Passed,Project inspection satisfactory
INSP00329,P00329,2025-06-22,85,Passed,Project inspection satisfactory
INSP00330,P00330,2026-04-10,85,Passed,Project inspection satisfactory
INSP00331,P00331,2025-12-04,85,Passed,Project inspection satisfactory
INSP00332,P00332,2024-07-01,85,Passed,Project inspection satisfactory
INSP00333,P00333,2024-08-02,85,Passed,Project inspection satisfactory
INSP00334,P00334,2026-01-26,85,Passed,Project inspection satisfactory
INSP00335,P00335,2024-11-01,85,Passed,Project inspection satisfactory
INSP00336,P00336,2024-02-20,85,Passed,Project inspection satisfactory
INSP00337,P00337,2025-01-18,85,Passed,Project inspection satisfactory
INSP00338,P00338,2025-02-17,85,Passed,Project inspection satisfactory
INSP00339,P00339,2026-03-16,85,Passed,Project inspection satisfactory
INSP00340,P00340,2024-06-19,85,Passed,Project inspection satisfactory
INSP00341,P00341,2025-01-28,85,Passed,Project inspection satisfactory
INSP00342,P00342,2024-08-09,85,Passed,Project inspection satisfactory
INSP00343,P00343,2025-11-14,85,Passed,Project inspection satisfactory
INSP00344,P00344,2026-03-09,85,Passed,Project inspection satisfactory
INSP00345,P00345,2025-07-15,85,Passed,Project inspection satisfactory
INSP00346,P00346,2025-06-29,85,Passed,Project inspection satisfactory
INSP00347,P00347,2025-08-15,85,Passed,Project inspection satisfactory
INSP00348,P00348,2025-06-24,85,Passed,Project inspection satisfactory
INSP00349,P00349,2025-08-13,85,Passed,Project inspection satisfactory
INSP00350,P00350,2024-12-08,85,Passed,Project inspection satisfactory
INSP00351,P00351,2026-03-27,85,Passed,Project inspection satisfactory
INSP00352,P00352,2024-12-26,85,Passed,Project inspection satisfactory
INSP00353,P00353,2026-04-28,85,Passed,Project inspection satisfactory
INSP00354,P00354,2024-12-16,85,Passed,Project inspection satisfactory
INSP00355,P00355,2025-04-19,85,Passed,Project inspection satisfactory
INSP00356,P00356,2025-01-10,85,Passed,Project inspection satisfactory
INSP00357,P00357,2025-04-06,85,Passed,Project inspection satisfactory
INSP00358,P00358,2024-06-16,85,Passed,Project inspection satisfactory
INSP00359,P00359,2026-03-23,85,Passed,Project inspection satisfactory
INSP00360,P00360,2024-08-30,85,Passed,Project inspection satisfactory
INSP00361,P00361,2024-06-30,35,Failed,Work quality below expected standard
INSP00362,P00362,2024-07-16,85,Passed,Project inspection satisfactory
INSP00363,P00363,2025-01-30,85,Passed,Project inspection satisfactory
INSP00364,P00364,2024-05-27,85,Passed,Project inspection satisfactory
INSP00365,P00365,2025-09-15,85,Passed,Project inspection satisfactory
INSP00366,P00366,2025-03-20,85,Passed,Project inspection satisfactory
INSP00367,P00367,2025-10-12,85,Passed,Project inspection satisfactory
INSP00368,P00368,2025-01-26,85,Passed,Project inspection satisfactory
INSP00369,P00369,2024-04-20,85,Passed,Project inspection satisfactory
INSP00370,P00370,2024-12-21,85,Passed,Project inspection satisfactory
INSP00371,P00371,2025-04-13,85,Passed,Project inspection satisfactory
INSP00372,P00372,2025-06-22,85,Passed,Project inspection satisfactory
INSP00373,P00373,2026-02-27,85,Passed,Project inspection satisfactory
INSP00374,P00374,2025-02-25,85,Passed,Project inspection satisfactory
INSP00375,P00375,2025-09-23,85,Passed,Project inspection satisfactory
INSP00376,P00376,2025-04-04,85,Passed,Project inspection satisfactory
INSP00377,P00377,2025-01-17,85,Passed,Project inspection satisfactory
INSP00378,P00378,2024-12-12,85,Passed,Project inspection satisfactory
INSP00379,P00379,2025-11-11,85,Passed,Project inspection satisfactory
INSP00380,P00380,2025-11-26,85,Passed,Project inspection satisfactory
INSP00381,P00381,2024-04-19,85,Passed,Project inspection satisfactory
INSP00382,P00382,2024-03-03,85,Passed,Project inspection satisfactory
INSP00383,P00383,2026-04-19,85,Passed,Project inspection satisfactory
INSP00384,P00384,2024-08-15,85,Passed,Project inspection satisfactory
INSP00385,P00385,2025-11-06,85,Passed,Project inspection satisfactory
INSP00386,P00386,2024-05-17,85,Passed,Project inspection satisfactory
INSP00387,P00387,2024-09-07,85,Passed,Project inspection satisfactory
INSP00388,P00388,2026-01-13,85,Passed,Project inspection satisfactory
INSP00389,P00389,2026-02-11,85,Passed,Project inspection satisfactory
INSP00390,P00390,2024-12-18,85,Passed,Project inspection satisfactory
INSP00391,P00391,2025-04-25,85,Passed,Project inspection satisfactory
INSP00392,P00392,2025-11-10,85,Passed,Project inspection satisfactory
INSP00393,P00393,2025-12-25,85,Passed,Project inspection satisfactory
INSP00394,P00394,2025-11-30,85,Passed,Project inspection satisfactory
INSP00395,P00395,2024-06-14,85,Passed,Project inspection satisfactory
INSP00396,P00396,2025-04-15,85,Passed,Project inspection satisfactory
INSP00397,P00397,2024-05-30,85,Passed,Project inspection satisfactory
INSP00398,P00398,2025-12-26,85,Passed,Project inspection satisfactory
INSP00399,P00399,2025-01-18,85,Passed,Project inspection satisfactory
INSP00400,P00400,2026-03-02,85,Passed,Project inspection satisfactory
INSP00401,P00401,2024-01-22,25,Failed,Project site requires detailed investigation
INSP00402,P00402,2024-07-30,85,Passed,Project inspection satisfactory
INSP00403,P00403,2024-09-23,85,Passed,Project inspection satisfactory
INSP00404,P00404,2025-12-26,85,Passed,Project inspection satisfactory
INSP00405,P00405,2024-12-28,85,Passed,Project inspection satisfactory
INSP00406,P00406,2025-07-14,35,Failed,Work quality below expected standard
INSP00407,P00407,2024-08-03,85,Passed,Project inspection satisfactory
INSP00408,P00408,2024-08-28,85,Passed,Project inspection satisfactory
INSP00409,P00409,2024-12-13,85,Passed,Project inspection satisfactory
INSP00410,P00410,2025-01-11,85,Passed,Project inspection satisfactory
INSP00411,P00411,2025-08-12,85,Passed,Project inspection satisfactory
INSP00412,P00412,2024-05-10,85,Passed,Project inspection satisfactory
INSP00413,P00413,2024-09-08,85,Passed,Project inspection satisfactory
INSP00414,P00414,2026-05-01,85,Passed,Project inspection satisfactory
INSP00415,P00415,2026-01-24,85,Passed,Project inspection satisfactory
INSP00416,P00416,2026-01-02,85,Passed,Project inspection satisfactory
INSP00417,P00417,2024-07-01,85,Passed,Project inspection satisfactory
INSP00418,P00418,2025-08-27,85,Passed,Project inspection satisfactory
INSP00419,P00419,2024-09-10,85,Passed,Project inspection satisfactory
INSP00420,P00420,2026-01-02,85,Passed,Project inspection satisfactory
INSP00421,P00421,2025-08-19,45,Needs Improvement,Physical progress requires verification
INSP00422,P00422,2024-09-30,85,Passed,Project inspection satisfactory
INSP00423,P00423,2024-05-22,85,Passed,Project inspection satisfactory
INSP00424,P00424,2024-05-23,85,Passed,Project inspection satisfactory
INSP00425,P00425,2024-02-19,85,Passed,Project inspection satisfactory
INSP00426,P00426,2024-12-15,85,Passed,Project inspection satisfactory
INSP00427,P00427,2024-09-19,85,Passed,Project inspection satisfactory
INSP00428,P00428,2024-10-30,85,Passed,Project inspection satisfactory
INSP00429,P00429,2024-08-18,85,Passed,Project inspection satisfactory
INSP00430,P00430,2024-05-01,85,Passed,Project inspection satisfactory
INSP00431,P00431,2024-04-14,85,Passed,Project inspection satisfactory
INSP00432,P00432,2025-03-12,85,Passed,Project inspection satisfactory
INSP00433,P00433,2024-12-13,85,Passed,Project inspection satisfactory
INSP00434,P00434,2026-02-27,85,Passed,Project inspection satisfactory
INSP00435,P00435,2026-04-02,85,Passed,Project inspection satisfactory
INSP00436,P00436,2025-12-03,85,Passed,Project inspection satisfactory
INSP00437,P00437,2024-01-24,85,Passed,Project inspection satisfactory
INSP00438,P00438,2024-06-11,85,Passed,Project inspection satisfactory
INSP00439,P00439,2024-01-20,85,Passed,Project inspection satisfactory
INSP00440,P00440,2024-05-06,85,Passed,Project inspection satisfactory
INSP00441,P00441,2024-09-03,85,Passed,Project inspection satisfactory
INSP00442,P00442,2025-01-13,85,Passed,Project inspection satisfactory
INSP00443,P00443,2025-06-01,85,Passed,Project inspection satisfactory
INSP00444,P00444,2025-01-20,85,Passed,Project inspection satisfactory
INSP00445,P00445,2026-01-26,85,Passed,Project inspection satisfactory
INSP00446,P00446,2024-10-12,85,Passed,Project inspection satisfactory
INSP00447,P00447,2024-07-12,85,Passed,Project inspection satisfactory
INSP00448,P00448,2025-09-17,85,Passed,Project inspection satisfactory
INSP00449,P00449,2025-07-21,85,Passed,Project inspection satisfactory
INSP00450,P00450,2025-09-09,85,Passed,Project inspection satisfactory
INSP00451,P00451,2025-06-26,35,Failed,Work quality below expected standard
INSP00452,P00452,2024-07-19,85,Passed,Project inspection satisfactory
INSP00453,P00453,2025-08-31,85,Passed,Project inspection satisfactory
INSP00454,P00454,2024-05-31,85,Passed,Project inspection satisfactory
INSP00455,P00455,2024-06-26,85,Passed,Project inspection satisfactory
INSP00456,P00456,2025-06-11,85,Passed,Project inspection satisfactory
INSP00457,P00457,2026-02-10,85,Passed,Project inspection satisfactory
INSP00458,P00458,2025-12-17,85,Passed,Project inspection satisfactory
INSP00459,P00459,2025-06-06,85,Passed,Project inspection satisfactory
INSP00460,P00460,2025-03-13,85,Passed,Project inspection satisfactory
INSP00461,P00461,2024-06-07,85,Passed,Project inspection satisfactory
INSP00462,P00462,2025-10-17,85,Passed,Project inspection satisfactory
INSP00463,P00463,2024-01-30,85,Passed,Project inspection satisfactory
INSP00464,P00464,2026-03-16,85,Passed,Project inspection satisfactory
INSP00465,P00465,2025-04-24,85,Passed,Project inspection satisfactory
INSP00466,P00466,2025-03-11,85,Passed,Project inspection satisfactory
INSP00467,P00467,2026-02-10,85,Passed,Project inspection satisfactory
INSP00468,P00468,2025-05-26,85,Passed,Project inspection satisfactory
INSP00469,P00469,2024-04-25,85,Passed,Project inspection satisfactory
INSP00470,P00470,2025-04-04,85,Passed,Project inspection satisfactory
INSP00471,P00471,2025-06-11,85,Passed,Project inspection satisfactory
INSP00472,P00472,2024-06-05,85,Passed,Project inspection satisfactory
INSP00473,P00473,2026-04-08,85,Passed,Project inspection satisfactory
INSP00474,P00474,2024-04-07,85,Passed,Project inspection satisfactory
INSP00475,P00475,2025-09-07,85,Passed,Project inspection satisfactory
INSP00476,P00476,2025-07-19,85,Passed,Project inspection satisfactory
INSP00477,P00477,2025-06-05,85,Passed,Project inspection satisfactory
INSP00478,P00478,2026-01-19,85,Passed,Project inspection satisfactory
INSP00479,P00479,2024-06-10,85,Passed,Project inspection satisfactory
INSP00480,P00480,2025-06-11,85,Passed,Project inspection satisfactory
INSP00481,P00481,2025-04-25,45,Needs Improvement,Physical progress requires verification
INSP00482,P00482,2024-10-31,85,Passed,Project inspection satisfactory
INSP00483,P00483,2024-02-14,85,Passed,Project inspection satisfactory
INSP00484,P00484,2024-11-10,85,Passed,Project inspection satisfactory
INSP00485,P00485,2024-03-10,85,Passed,Project inspection satisfactory
INSP00486,P00486,2025-05-31,85,Passed,Project inspection satisfactory
INSP00487,P00487,2025-11-07,85,Passed,Project inspection satisfactory
INSP00488,P00488,2024-07-12,85,Passed,Project inspection satisfactory
INSP00489,P00489,2026-03-11,85,Passed,Project inspection satisfactory
INSP00490,P00490,2025-08-12,85,Passed,Project inspection satisfactory
INSP00491,P00491,2025-10-30,85,Passed,Project inspection satisfactory
INSP00492,P00492,2025-11-08,85,Passed,Project inspection satisfactory
INSP00493,P00493,2025-01-07,85,Passed,Project inspection satisfactory
INSP00494,P00494,2026-04-06,85,Passed,Project inspection satisfactory
INSP00495,P00495,2025-04-05,85,Passed,Project inspection satisfactory
INSP00496,P00496,2025-11-17,35,Failed,Work quality below expected standard
INSP00497,P00497,2025-01-28,85,Passed,Project inspection satisfactory
INSP00498,P00498,2024-12-26,85,Passed,Project inspection satisfactory
INSP00499,P00499,2024-08-14,85,Passed,Project inspection satisfactory
INSP00500,P00500,2024-04-05,85,Passed,Project inspection satisfactory
INSP00501,P00501,2024-08-10,85,Passed,Project inspection satisfactory
INSP00502,P00502,2025-12-24,85,Passed,Project inspection satisfactory
INSP00503,P00503,2024-09-13,85,Passed,Project inspection satisfactory
INSP00504,P00504,2024-09-24,85,Passed,Project inspection satisfactory
INSP00505,P00505,2024-05-22,85,Passed,Project inspection satisfactory
INSP00506,P00506,2026-01-03,85,Passed,Project inspection satisfactory
INSP00507,P00507,2025-06-15,85,Passed,Project inspection satisfactory
INSP00508,P00508,2025-04-06,85,Passed,Project inspection satisfactory
INSP00509,P00509,2025-09-06,85,Passed,Project inspection satisfactory
INSP00510,P00510,2025-07-09,85,Passed,Project inspection satisfactory
INSP00511,P00511,2024-03-11,85,Passed,Project inspection satisfactory
INSP00512,P00512,2025-06-23,85,Passed,Project inspection satisfactory
INSP00513,P00513,2024-07-01,85,Passed,Project inspection satisfactory
INSP00514,P00514,2024-08-16,85,Passed,Project inspection satisfactory
INSP00515,P00515,2025-05-16,85,Passed,Project inspection satisfactory
INSP00516,P00516,2025-10-25,85,Passed,Project inspection satisfactory
INSP00517,P00517,2025-12-11,85,Passed,Project inspection satisfactory
INSP00518,P00518,2025-04-22,85,Passed,Project inspection satisfactory
INSP00519,P00519,2024-03-09,85,Passed,Project inspection satisfactory
INSP00520,P00520,2026-02-10,85,Passed,Project inspection satisfactory
INSP00521,P00521,2025-08-11,85,Passed,Project inspection satisfactory
INSP00522,P00522,2025-06-12,85,Passed,Project inspection satisfactory
INSP00523,P00523,2024-11-10,85,Passed,Project inspection satisfactory
INSP00524,P00524,2025-04-21,85,Passed,Project inspection satisfactory
INSP00525,P00525,2025-12-01,85,Passed,Project inspection satisfactory
INSP00526,P00526,2024-12-12,85,Passed,Project inspection satisfactory
INSP00527,P00527,2025-03-22,85,Passed,Project inspection satisfactory
INSP00528,P00528,2025-12-29,85,Passed,Project inspection satisfactory
INSP00529,P00529,2024-10-19,85,Passed,Project inspection satisfactory
INSP00530,P00530,2025-05-07,85,Passed,Project inspection satisfactory
INSP00531,P00531,2024-02-16,85,Passed,Project inspection satisfactory
INSP00532,P00532,2024-10-19,85,Passed,Project inspection satisfactory
INSP00533,P00533,2025-06-10,85,Passed,Project inspection satisfactory
INSP00534,P00534,2024-05-24,85,Passed,Project inspection satisfactory
INSP00535,P00535,2025-04-04,85,Passed,Project inspection satisfactory
INSP00536,P00536,2024-05-03,85,Passed,Project inspection satisfactory
INSP00537,P00537,2025-02-09,85,Passed,Project inspection satisfactory
INSP00538,P00538,2024-08-08,85,Passed,Project inspection satisfactory
INSP00539,P00539,2024-05-15,85,Passed,Project inspection satisfactory
INSP00540,P00540,2024-02-18,85,Passed,Project inspection satisfactory
INSP00541,P00541,2025-08-23,35,Failed,Work quality below expected standard
INSP00542,P00542,2024-07-16,85,Passed,Project inspection satisfactory
INSP00543,P00543,2024-02-16,85,Passed,Project inspection satisfactory
INSP00544,P00544,2025-12-04,85,Passed,Project inspection satisfactory
INSP00545,P00545,2025-11-06,85,Passed,Project inspection satisfactory
INSP00546,P00546,2026-03-27,85,Passed,Project inspection satisfactory
INSP00547,P00547,2024-11-19,85,Passed,Project inspection satisfactory
INSP00548,P00548,2024-01-15,85,Passed,Project inspection satisfactory
INSP00549,P00549,2026-01-01,85,Passed,Project inspection satisfactory
INSP00550,P00550,2024-12-17,85,Passed,Project inspection satisfactory
INSP00551,P00551,2025-11-30,85,Passed,Project inspection satisfactory
INSP00552,P00552,2025-11-21,85,Passed,Project inspection satisfactory
INSP00553,P00553,2024-03-06,85,Passed,Project inspection satisfactory
INSP00554,P00554,2024-04-29,85,Passed,Project inspection satisfactory
INSP00555,P00555,2026-01-13,85,Passed,Project inspection satisfactory
INSP00556,P00556,2024-04-19,85,Passed,Project inspection satisfactory
INSP00557,P00557,2024-06-19,85,Passed,Project inspection satisfactory
INSP00558,P00558,2025-09-14,85,Passed,Project inspection satisfactory
INSP00559,P00559,2024-10-26,85,Passed,Project inspection satisfactory
INSP00560,P00560,2025-01-08,85,Passed,Project inspection satisfactory
INSP00561,P00561,2024-06-27,25,Failed,Project site requires detailed investigation
INSP00562,P00562,2024-12-29,85,Passed,Project inspection satisfactory
INSP00563,P00563,2024-02-06,85,Passed,Project inspection satisfactory
INSP00564,P00564,2024-07-12,85,Passed,Project inspection satisfactory
INSP00565,P00565,2025-12-06,85,Passed,Project inspection satisfactory
INSP00566,P00566,2025-11-13,85,Passed,Project inspection satisfactory
INSP00567,P00567,2026-02-24,85,Passed,Project inspection satisfactory
INSP00568,P00568,2025-12-23,85,Passed,Project inspection satisfactory
INSP00569,P00569,2024-07-07,85,Passed,Project inspection satisfactory
INSP00570,P00570,2026-04-13,85,Passed,Project inspection satisfactory
INSP00571,P00571,2024-09-04,85,Passed,Project inspection satisfactory
INSP00572,P00572,2025-12-30,85,Passed,Project inspection satisfactory
INSP00573,P00573,2026-01-15,85,Passed,Project inspection satisfactory
INSP00574,P00574,2025-02-13,85,Passed,Project inspection satisfactory
INSP00575,P00575,2024-09-08,85,Passed,Project inspection satisfactory
INSP00576,P00576,2025-03-10,85,Passed,Project inspection satisfactory
INSP00577,P00577,2025-01-12,85,Passed,Project inspection satisfactory
INSP00578,P00578,2025-02-07,85,Passed,Project inspection satisfactory
INSP00579,P00579,2024-05-06,85,Passed,Project inspection satisfactory
INSP00580,P00580,2024-07-05,85,Passed,Project inspection satisfactory
INSP00581,P00581,2025-01-13,85,Passed,Project inspection satisfactory
INSP00582,P00582,2025-11-06,85,Passed,Project inspection satisfactory
INSP00583,P00583,2025-06-03,85,Passed,Project inspection satisfactory
INSP00584,P00584,2024-05-20,85,Passed,Project inspection satisfactory
INSP00585,P00585,2025-02-15,85,Passed,Project inspection satisfactory
INSP00586,P00586,2025-09-27,35,Failed,Work quality below expected standard
INSP00587,P00587,2024-08-07,85,Passed,Project inspection satisfactory
INSP00588,P00588,2026-05-02,85,Passed,Project inspection satisfactory
INSP00589,P00589,2026-02-26,85,Passed,Project inspection satisfactory
INSP00590,P00590,2024-05-16,85,Passed,Project inspection satisfactory
INSP00591,P00591,2024-02-17,85,Passed,Project inspection satisfactory
INSP00592,P00592,2025-01-26,85,Passed,Project inspection satisfactory
INSP00593,P00593,2025-12-29,85,Passed,Project inspection satisfactory
INSP00594,P00594,2026-01-05,85,Passed,Project inspection satisfactory
INSP00595,P00595,2025-03-12,85,Passed,Project inspection satisfactory
INSP00596,P00596,2026-04-13,85,Passed,Project inspection satisfactory
INSP00597,P00597,2025-03-22,85,Passed,Project inspection satisfactory
INSP00598,P00598,2024-01-25,85,Passed,Project inspection satisfactory
INSP00599,P00599,2024-08-16,85,Passed,Project inspection satisfactory
INSP00600,P00600,2024-01-13,85,Passed,Project inspection satisfactory
INSP00601,P00601,2025-05-17,45,Needs Improvement,Physical progress requires verification
INSP00602,P00602,2025-06-27,85,Passed,Project inspection satisfactory
INSP00603,P00603,2024-11-26,85,Passed,Project inspection satisfactory
INSP00604,P00604,2025-11-26,85,Passed,Project inspection satisfactory
INSP00605,P00605,2026-02-06,85,Passed,Project inspection satisfactory
INSP00606,P00606,2025-04-29,85,Passed,Project inspection satisfactory
INSP00607,P00607,2025-04-28,85,Passed,Project inspection satisfactory
INSP00608,P00608,2024-05-21,85,Passed,Project inspection satisfactory
INSP00609,P00609,2024-11-28,85,Passed,Project inspection satisfactory
INSP00610,P00610,2026-01-05,85,Passed,Project inspection satisfactory
INSP00611,P00611,2024-01-18,85,Passed,Project inspection satisfactory
INSP00612,P00612,2025-01-17,85,Passed,Project inspection satisfactory
INSP00613,P00613,2025-07-10,85,Passed,Project inspection satisfactory
INSP00614,P00614,2024-12-11,85,Passed,Project inspection satisfactory
INSP00615,P00615,2025-09-13,85,Passed,Project inspection satisfactory
INSP00616,P00616,2024-05-24,85,Passed,Project inspection satisfactory
INSP00617,P00617,2024-06-01,85,Passed,Project inspection satisfactory
INSP00618,P00618,2026-03-16,85,Passed,Project inspection satisfactory
INSP00619,P00619,2024-08-16,85,Passed,Project inspection satisfactory
INSP00620,P00620,2024-10-25,85,Passed,Project inspection satisfactory
INSP00621,P00621,2024-05-08,85,Passed,Project inspection satisfactory
INSP00622,P00622,2024-11-07,85,Passed,Project inspection satisfactory
INSP00623,P00623,2024-02-02,85,Passed,Project inspection satisfactory
INSP00624,P00624,2024-08-22,85,Passed,Project inspection satisfactory
INSP00625,P00625,2025-06-05,85,Passed,Project inspection satisfactory
INSP00626,P00626,2024-11-20,85,Passed,Project inspection satisfactory
INSP00627,P00627,2025-10-10,85,Passed,Project inspection satisfactory
INSP00628,P00628,2025-09-16,85,Passed,Project inspection satisfactory
INSP00629,P00629,2025-04-21,85,Passed,Project inspection satisfactory
INSP00630,P00630,2025-07-01,85,Passed,Project inspection satisfactory
INSP00631,P00631,2024-04-01,35,Failed,Work quality below expected standard
INSP00632,P00632,2024-02-03,85,Passed,Project inspection satisfactory
INSP00633,P00633,2025-06-02,85,Passed,Project inspection satisfactory
INSP00634,P00634,2024-12-08,85,Passed,Project inspection satisfactory
INSP00635,P00635,2024-01-12,85,Passed,Project inspection satisfactory
INSP00636,P00636,2025-04-25,85,Passed,Project inspection satisfactory
INSP00637,P00637,2024-01-11,85,Passed,Project inspection satisfactory
INSP00638,P00638,2024-06-26,85,Passed,Project inspection satisfactory
INSP00639,P00639,2024-11-19,85,Passed,Project inspection satisfactory
INSP00640,P00640,2024-03-03,85,Passed,Project inspection satisfactory
INSP00641,P00641,2025-11-18,25,Failed,Project site requires detailed investigation
INSP00642,P00642,2025-10-15,85,Passed,Project inspection satisfactory
INSP00643,P00643,2025-02-21,85,Passed,Project inspection satisfactory
INSP00644,P00644,2025-05-07,85,Passed,Project inspection satisfactory
INSP00645,P00645,2024-07-24,85,Passed,Project inspection satisfactory
INSP00646,P00646,2024-09-25,85,Passed,Project inspection satisfactory
INSP00647,P00647,2025-01-03,85,Passed,Project inspection satisfactory
INSP00648,P00648,2025-09-26,85,Passed,Project inspection satisfactory
INSP00649,P00649,2025-05-10,85,Passed,Project inspection satisfactory
INSP00650,P00650,2025-07-16,85,Passed,Project inspection satisfactory
INSP00651,P00651,2024-03-08,85,Passed,Project inspection satisfactory
INSP00652,P00652,2026-04-02,85,Passed,Project inspection satisfactory
INSP00653,P00653,2025-04-17,85,Passed,Project inspection satisfactory
INSP00654,P00654,2025-09-10,85,Passed,Project inspection satisfactory
INSP00655,P00655,2024-06-22,85,Passed,Project inspection satisfactory
INSP00656,P00656,2025-12-30,85,Passed,Project inspection satisfactory
INSP00657,P00657,2025-04-09,85,Passed,Project inspection satisfactory
INSP00658,P00658,2025-12-13,85,Passed,Project inspection satisfactory
INSP00659,P00659,2024-01-28,85,Passed,Project inspection satisfactory
INSP00660,P00660,2024-05-02,85,Passed,Project inspection satisfactory
INSP00661,P00661,2025-07-13,45,Needs Improvement,Physical progress requires verification
INSP00662,P00662,2025-01-29,85,Passed,Project inspection satisfactory
INSP00663,P00663,2026-01-18,85,Passed,Project inspection satisfactory
INSP00664,P00664,2025-01-09,85,Passed,Project inspection satisfactory
INSP00665,P00665,2024-05-02,85,Passed,Project inspection satisfactory
INSP00666,P00666,2024-04-30,85,Passed,Project inspection satisfactory
INSP00667,P00667,2025-02-21,85,Passed,Project inspection satisfactory
INSP00668,P00668,2025-12-25,85,Passed,Project inspection satisfactory
INSP00669,P00669,2026-03-24,85,Passed,Project inspection satisfactory
INSP00670,P00670,2025-09-29,85,Passed,Project inspection satisfactory
INSP00671,P00671,2025-04-15,85,Passed,Project inspection satisfactory
INSP00672,P00672,2025-12-21,85,Passed,Project inspection satisfactory
INSP00673,P00673,2026-05-03,85,Passed,Project inspection satisfactory
INSP00674,P00674,2024-11-10,85,Passed,Project inspection satisfactory
INSP00675,P00675,2025-02-15,85,Passed,Project inspection satisfactory
INSP00676,P00676,2025-07-19,35,Failed,Work quality below expected standard
INSP00677,P00677,2024-06-09,85,Passed,Project inspection satisfactory
INSP00678,P00678,2026-02-27,85,Passed,Project inspection satisfactory
INSP00679,P00679,2025-10-19,85,Passed,Project inspection satisfactory
INSP00680,P00680,2025-01-22,85,Passed,Project inspection satisfactory
INSP00681,P00681,2025-09-10,85,Passed,Project inspection satisfactory
INSP00682,P00682,2024-07-24,85,Passed,Project inspection satisfactory
INSP00683,P00683,2025-03-17,85,Passed,Project inspection satisfactory
INSP00684,P00684,2024-02-26,85,Passed,Project inspection satisfactory
INSP00685,P00685,2026-01-06,85,Passed,Project inspection satisfactory
INSP00686,P00686,2026-04-20,85,Passed,Project inspection satisfactory
INSP00687,P00687,2024-08-17,85,Passed,Project inspection satisfactory
INSP00688,P00688,2026-02-18,85,Passed,Project inspection satisfactory
INSP00689,P00689,2025-03-21,85,Passed,Project inspection satisfactory
INSP00690,P00690,2024-12-28,85,Passed,Project inspection satisfactory
INSP00691,P00691,2024-12-30,85,Passed,Project inspection satisfactory
INSP00692,P00692,2024-01-13,85,Passed,Project inspection satisfactory
INSP00693,P00693,2024-03-05,85,Passed,Project inspection satisfactory
INSP00694,P00694,2025-10-31,85,Passed,Project inspection satisfactory
INSP00695,P00695,2025-07-01,85,Passed,Project inspection satisfactory
INSP00696,P00696,2026-04-16,85,Passed,Project inspection satisfactory
INSP00697,P00697,2024-02-06,85,Passed,Project inspection satisfactory
INSP00698,P00698,2025-04-04,85,Passed,Project inspection satisfactory
INSP00699,P00699,2025-01-07,85,Passed,Project inspection satisfactory
INSP00700,P00700,2024-12-15,85,Passed,Project inspection satisfactory
INSP00701,P00701,2025-12-10,85,Passed,Project inspection satisfactory
INSP00702,P00702,2025-05-20,85,Passed,Project inspection satisfactory
INSP00703,P00703,2024-04-22,85,Passed,Project inspection satisfactory
INSP00704,P00704,2024-11-26,85,Passed,Project inspection satisfactory
INSP00705,P00705,2024-06-30,85,Passed,Project inspection satisfactory
INSP00706,P00706,2024-08-01,85,Passed,Project inspection satisfactory
INSP00707,P00707,2024-06-24,85,Passed,Project inspection satisfactory
INSP00708,P00708,2025-05-25,85,Passed,Project inspection satisfactory
INSP00709,P00709,2024-10-06,85,Passed,Project inspection satisfactory
INSP00710,P00710,2025-08-22,85,Passed,Project inspection satisfactory
INSP00711,P00711,2024-04-11,85,Passed,Project inspection satisfactory
INSP00712,P00712,2025-11-14,85,Passed,Project inspection satisfactory
INSP00713,P00713,2024-01-25,85,Passed,Project inspection satisfactory
INSP00714,P00714,2025-11-01,85,Passed,Project inspection satisfactory
INSP00715,P00715,2025-09-02,85,Passed,Project inspection satisfactory
INSP00716,P00716,2024-09-26,85,Passed,Project inspection satisfactory
INSP00717,P00717,2026-04-27,85,Passed,Project inspection satisfactory
INSP00718,P00718,2024-12-11,85,Passed,Project inspection satisfactory
INSP00719,P00719,2024-03-10,85,Passed,Project inspection satisfactory
INSP00720,P00720,2025-03-22,85,Passed,Project inspection satisfactory
INSP00721,P00721,2025-12-23,35,Failed,Work quality below expected standard
INSP00722,P00722,2025-12-03,85,Passed,Project inspection satisfactory
INSP00723,P00723,2025-12-24,85,Passed,Project inspection satisfactory
INSP00724,P00724,2026-03-26,85,Passed,Project inspection satisfactory
INSP00725,P00725,2024-07-26,85,Passed,Project inspection satisfactory
INSP00726,P00726,2025-05-24,85,Passed,Project inspection satisfactory
INSP00727,P00727,2024-06-24,85,Passed,Project inspection satisfactory
INSP00728,P00728,2024-11-16,85,Passed,Project inspection satisfactory
INSP00729,P00729,2025-12-25,85,Passed,Project inspection satisfactory
INSP00730,P00730,2025-08-30,85,Passed,Project inspection satisfactory
INSP00731,P00731,2026-03-19,85,Passed,Project inspection satisfactory
INSP00732,P00732,2025-03-01,85,Passed,Project inspection satisfactory
INSP00733,P00733,2026-03-19,85,Passed,Project inspection satisfactory
INSP00734,P00734,2025-04-04,85,Passed,Project inspection satisfactory
INSP00735,P00735,2025-06-04,85,Passed,Project inspection satisfactory
INSP00736,P00736,2025-09-18,85,Passed,Project inspection satisfactory
INSP00737,P00737,2025-07-16,85,Passed,Project inspection satisfactory
INSP00738,P00738,2024-08-18,85,Passed,Project inspection satisfactory
INSP00739,P00739,2025-05-13,85,Passed,Project inspection satisfactory
INSP00740,P00740,2024-07-17,85,Passed,Project inspection satisfactory
INSP00741,P00741,2024-03-15,85,Passed,Project inspection satisfactory
INSP00742,P00742,2026-03-10,85,Passed,Project inspection satisfactory
INSP00743,P00743,2025-06-25,85,Passed,Project inspection satisfactory
INSP00744,P00744,2024-10-21,85,Passed,Project inspection satisfactory
INSP00745,P00745,2024-12-28,85,Passed,Project inspection satisfactory
INSP00746,P00746,2025-07-21,85,Passed,Project inspection satisfactory
INSP00747,P00747,2024-03-01,85,Passed,Project inspection satisfactory
INSP00748,P00748,2024-05-07,85,Passed,Project inspection satisfactory
INSP00749,P00749,2025-07-30,85,Passed,Project inspection satisfactory
INSP00750,P00750,2024-11-21,85,Passed,Project inspection satisfactory
INSP00751,P00751,2024-12-16,85,Passed,Project inspection satisfactory
INSP00752,P00752,2024-10-29,85,Passed,Project inspection satisfactory
INSP00753,P00753,2026-02-09,85,Passed,Project inspection satisfactory
INSP00754,P00754,2025-04-17,85,Passed,Project inspection satisfactory
INSP00755,P00755,2024-03-19,85,Passed,Project inspection satisfactory
INSP00756,P00756,2024-11-07,85,Passed,Project inspection satisfactory
INSP00757,P00757,2025-04-01,85,Passed,Project inspection satisfactory
INSP00758,P00758,2026-04-24,85,Passed,Project inspection satisfactory
INSP00759,P00759,2025-09-16,85,Passed,Project inspection satisfactory
INSP00760,P00760,2025-05-20,85,Passed,Project inspection satisfactory
INSP00761,P00761,2026-04-25,85,Passed,Project inspection satisfactory
INSP00762,P00762,2025-08-11,85,Passed,Project inspection satisfactory
INSP00763,P00763,2024-09-05,85,Passed,Project inspection satisfactory
INSP00764,P00764,2024-02-01,85,Passed,Project inspection satisfactory
INSP00765,P00765,2024-10-10,85,Passed,Project inspection satisfactory
INSP00766,P00766,2024-03-18,35,Failed,Work quality below expected standard
INSP00767,P00767,2024-12-07,85,Passed,Project inspection satisfactory
INSP00768,P00768,2025-01-26,85,Passed,Project inspection satisfactory
INSP00769,P00769,2025-11-20,85,Passed,Project inspection satisfactory
INSP00770,P00770,2024-01-16,85,Passed,Project inspection satisfactory
INSP00771,P00771,2024-09-11,85,Passed,Project inspection satisfactory
INSP00772,P00772,2024-11-16,85,Passed,Project inspection satisfactory
INSP00773,P00773,2024-06-26,85,Passed,Project inspection satisfactory
INSP00774,P00774,2026-04-18,85,Passed,Project inspection satisfactory
INSP00775,P00775,2025-11-14,85,Passed,Project inspection satisfactory
INSP00776,P00776,2024-11-18,85,Passed,Project inspection satisfactory
INSP00777,P00777,2024-01-30,85,Passed,Project inspection satisfactory
INSP00778,P00778,2025-01-17,85,Passed,Project inspection satisfactory
INSP00779,P00779,2025-01-07,85,Passed,Project inspection satisfactory
INSP00780,P00780,2024-05-28,85,Passed,Project inspection satisfactory
INSP00781,P00781,2026-03-16,45,Needs Improvement,Physical progress requires verification
INSP00782,P00782,2025-03-25,85,Passed,Project inspection satisfactory
INSP00783,P00783,2024-02-28,85,Passed,Project inspection satisfactory
INSP00784,P00784,2024-04-21,85,Passed,Project inspection satisfactory
INSP00785,P00785,2024-03-15,85,Passed,Project inspection satisfactory
INSP00786,P00786,2025-09-21,85,Passed,Project inspection satisfactory
INSP00787,P00787,2025-11-04,85,Passed,Project inspection satisfactory
INSP00788,P00788,2024-11-10,85,Passed,Project inspection satisfactory
INSP00789,P00789,2024-02-10,85,Passed,Project inspection satisfactory
INSP00790,P00790,2024-02-13,85,Passed,Project inspection satisfactory
INSP00791,P00791,2024-07-18,85,Passed,Project inspection satisfactory
INSP00792,P00792,2025-07-25,85,Passed,Project inspection satisfactory
INSP00793,P00793,2025-11-11,85,Passed,Project inspection satisfactory
INSP00794,P00794,2025-07-29,85,Passed,Project inspection satisfactory
INSP00795,P00795,2025-08-07,85,Passed,Project inspection satisfactory
INSP00796,P00796,2024-07-25,85,Passed,Project inspection satisfactory
INSP00797,P00797,2025-02-19,85,Passed,Project inspection satisfactory
INSP00798,P00798,2025-11-11,85,Passed,Project inspection satisfactory
INSP00799,P00799,2025-10-31,85,Passed,Project inspection satisfactory
INSP00800,P00800,2026-03-28,85,Passed,Project inspection satisfactory
INSP00801,P00801,2024-06-11,25,Failed,Project site requires detailed investigation
INSP00802,P00802,2024-05-17,85,Passed,Project inspection satisfactory
INSP00803,P00803,2026-01-05,85,Passed,Project inspection satisfactory
INSP00804,P00804,2025-10-29,85,Passed,Project inspection satisfactory
INSP00805,P00805,2025-03-10,85,Passed,Project inspection satisfactory
INSP00806,P00806,2024-04-21,85,Passed,Project inspection satisfactory
INSP00807,P00807,2024-12-21,85,Passed,Project inspection satisfactory
INSP00808,P00808,2024-07-15,85,Passed,Project inspection satisfactory
INSP00809,P00809,2024-11-28,85,Passed,Project inspection satisfactory
INSP00810,P00810,2026-03-14,85,Passed,Project inspection satisfactory
INSP00811,P00811,2024-09-17,35,Failed,Work quality below expected standard
INSP00812,P00812,2024-11-24,85,Passed,Project inspection satisfactory
INSP00813,P00813,2025-12-14,85,Passed,Project inspection satisfactory
INSP00814,P00814,2025-12-13,85,Passed,Project inspection satisfactory
INSP00815,P00815,2025-01-08,85,Passed,Project inspection satisfactory
INSP00816,P00816,2025-09-01,85,Passed,Project inspection satisfactory
INSP00817,P00817,2025-07-17,85,Passed,Project inspection satisfactory
INSP00818,P00818,2025-12-13,85,Passed,Project inspection satisfactory
INSP00819,P00819,2024-11-12,85,Passed,Project inspection satisfactory
INSP00820,P00820,2024-12-10,85,Passed,Project inspection satisfactory
INSP00821,P00821,2026-01-08,85,Passed,Project inspection satisfactory
INSP00822,P00822,2024-10-10,85,Passed,Project inspection satisfactory
INSP00823,P00823,2024-04-19,85,Passed,Project inspection satisfactory
INSP00824,P00824,2024-07-18,85,Passed,Project inspection satisfactory
INSP00825,P00825,2025-09-22,85,Passed,Project inspection satisfactory
INSP00826,P00826,2025-12-29,85,Passed,Project inspection satisfactory
INSP00827,P00827,2024-08-16,85,Passed,Project inspection satisfactory
INSP00828,P00828,2025-06-25,85,Passed,Project inspection satisfactory
INSP00829,P00829,2024-11-18,85,Passed,Project inspection satisfactory
INSP00830,P00830,2024-12-22,85,Passed,Project inspection satisfactory
INSP00831,P00831,2024-06-04,85,Passed,Project inspection satisfactory
INSP00832,P00832,2024-04-04,85,Passed,Project inspection satisfactory
INSP00833,P00833,2025-03-28,85,Passed,Project inspection satisfactory
INSP00834,P00834,2024-11-05,85,Passed,Project inspection satisfactory
INSP00835,P00835,2024-01-16,85,Passed,Project inspection satisfactory
INSP00836,P00836,2025-12-12,85,Passed,Project inspection satisfactory
INSP00837,P00837,2024-11-12,85,Passed,Project inspection satisfactory
INSP00838,P00838,2025-06-24,85,Passed,Project inspection satisfactory
INSP00839,P00839,2025-01-10,85,Passed,Project inspection satisfactory
INSP00840,P00840,2024-03-05,85,Passed,Project inspection satisfactory
INSP00841,P00841,2026-05-03,45,Needs Improvement,Physical progress requires verification
INSP00842,P00842,2025-08-30,85,Passed,Project inspection satisfactory
INSP00843,P00843,2025-05-09,85,Passed,Project inspection satisfactory
INSP00844,P00844,2024-06-04,85,Passed,Project inspection satisfactory
INSP00845,P00845,2025-04-05,85,Passed,Project inspection satisfactory
INSP00846,P00846,2025-01-02,85,Passed,Project inspection satisfactory
INSP00847,P00847,2025-12-19,85,Passed,Project inspection satisfactory
INSP00848,P00848,2025-06-08,85,Passed,Project inspection satisfactory
INSP00849,P00849,2025-10-27,85,Passed,Project inspection satisfactory
INSP00850,P00850,2025-02-08,85,Passed,Project inspection satisfactory
INSP00851,P00851,2025-12-29,85,Passed,Project inspection satisfactory
INSP00852,P00852,2025-04-01,85,Passed,Project inspection satisfactory
INSP00853,P00853,2026-04-07,85,Passed,Project inspection satisfactory
INSP00854,P00854,2025-06-07,85,Passed,Project inspection satisfactory
INSP00855,P00855,2025-04-27,85,Passed,Project inspection satisfactory
INSP00856,P00856,2025-04-16,35,Failed,Work quality below expected standard
INSP00857,P00857,2024-06-11,85,Passed,Project inspection satisfactory
INSP00858,P00858,2025-04-27,85,Passed,Project inspection satisfactory
INSP00859,P00859,2025-09-13,85,Passed,Project inspection satisfactory
INSP00860,P00860,2024-12-13,85,Passed,Project inspection satisfactory
INSP00861,P00861,2025-07-05,85,Passed,Project inspection satisfactory
INSP00862,P00862,2024-08-10,85,Passed,Project inspection satisfactory
INSP00863,P00863,2025-03-20,85,Passed,Project inspection satisfactory
INSP00864,P00864,2026-02-28,85,Passed,Project inspection satisfactory
INSP00865,P00865,2024-08-31,85,Passed,Project inspection satisfactory
INSP00866,P00866,2024-11-14,85,Passed,Project inspection satisfactory
INSP00867,P00867,2025-11-30,85,Passed,Project inspection satisfactory
INSP00868,P00868,2024-04-21,85,Passed,Project inspection satisfactory
INSP00869,P00869,2024-05-06,85,Passed,Project inspection satisfactory
INSP00870,P00870,2024-06-24,85,Passed,Project inspection satisfactory
INSP00871,P00871,2025-07-02,85,Passed,Project inspection satisfactory
INSP00872,P00872,2025-10-03,85,Passed,Project inspection satisfactory
INSP00873,P00873,2025-07-12,85,Passed,Project inspection satisfactory
INSP00874,P00874,2025-03-09,85,Passed,Project inspection satisfactory
INSP00875,P00875,2025-01-06,85,Passed,Project inspection satisfactory
INSP00876,P00876,2026-05-06,85,Passed,Project inspection satisfactory
INSP00877,P00877,2024-12-19,85,Passed,Project inspection satisfactory
INSP00878,P00878,2024-05-19,85,Passed,Project inspection satisfactory
INSP00879,P00879,2024-03-06,85,Passed,Project inspection satisfactory
INSP00880,P00880,2024-12-19,85,Passed,Project inspection satisfactory
INSP00881,P00881,2025-02-23,25,Failed,Project site requires detailed investigation
INSP00882,P00882,2024-06-08,85,Passed,Project inspection satisfactory
INSP00883,P00883,2025-11-23,85,Passed,Project inspection satisfactory
INSP00884,P00884,2025-01-17,85,Passed,Project inspection satisfactory
INSP00885,P00885,2024-08-10,85,Passed,Project inspection satisfactory
INSP00886,P00886,2025-07-22,85,Passed,Project inspection satisfactory
INSP00887,P00887,2024-07-12,85,Passed,Project inspection satisfactory
INSP00888,P00888,2024-12-19,85,Passed,Project inspection satisfactory
INSP00889,P00889,2024-10-01,85,Passed,Project inspection satisfactory
INSP00890,P00890,2026-02-24,85,Passed,Project inspection satisfactory
INSP00891,P00891,2026-01-02,85,Passed,Project inspection satisfactory
INSP00892,P00892,2025-04-25,85,Passed,Project inspection satisfactory
INSP00893,P00893,2025-07-24,85,Passed,Project inspection satisfactory
INSP00894,P00894,2025-11-09,85,Passed,Project inspection satisfactory
INSP00895,P00895,2024-11-06,85,Passed,Project inspection satisfactory
INSP00896,P00896,2025-05-13,85,Passed,Project inspection satisfactory
INSP00897,P00897,2024-06-30,85,Passed,Project inspection satisfactory
INSP00898,P00898,2026-02-05,85,Passed,Project inspection satisfactory
INSP00899,P00899,2024-02-14,85,Passed,Project inspection satisfactory
INSP00900,P00900,2026-01-26,85,Passed,Project inspection satisfactory
INSP00901,P00901,2024-02-10,35,Failed,Work quality below expected standard
INSP00902,P00902,2025-10-04,85,Passed,Project inspection satisfactory
INSP00903,P00903,2025-06-21,85,Passed,Project inspection satisfactory
INSP00904,P00904,2024-04-09,85,Passed,Project inspection satisfactory
INSP00905,P00905,2024-10-21,85,Passed,Project inspection satisfactory
INSP00906,P00906,2025-09-14,85,Passed,Project inspection satisfactory
INSP00907,P00907,2025-03-18,85,Passed,Project inspection satisfactory
INSP00908,P00908,2024-10-02,85,Passed,Project inspection satisfactory
INSP00909,P00909,2024-04-13,85,Passed,Project inspection satisfactory
INSP00910,P00910,2024-10-19,85,Passed,Project inspection satisfactory
INSP00911,P00911,2024-06-06,85,Passed,Project inspection satisfactory
INSP00912,P00912,2024-12-12,85,Passed,Project inspection satisfactory
INSP00913,P00913,2024-06-07,85,Passed,Project inspection satisfactory
INSP00914,P00914,2024-05-28,85,Passed,Project inspection satisfactory
INSP00915,P00915,2024-07-26,85,Passed,Project inspection satisfactory
INSP00916,P00916,2024-11-23,85,Passed,Project inspection satisfactory
INSP00917,P00917,2024-07-19,85,Passed,Project inspection satisfactory
INSP00918,P00918,2025-02-25,85,Passed,Project inspection satisfactory
INSP00919,P00919,2024-05-07,85,Passed,Project inspection satisfactory
INSP00920,P00920,2024-11-04,85,Passed,Project inspection satisfactory
INSP00921,P00921,2026-03-31,85,Passed,Project inspection satisfactory
INSP00922,P00922,2024-03-26,85,Passed,Project inspection satisfactory
INSP00923,P00923,2024-11-01,85,Passed,Project inspection satisfactory
INSP00924,P00924,2025-06-28,85,Passed,Project inspection satisfactory
INSP00925,P00925,2024-11-10,85,Passed,Project inspection satisfactory
INSP00926,P00926,2025-11-23,85,Passed,Project inspection satisfactory
INSP00927,P00927,2025-10-20,85,Passed,Project inspection satisfactory
INSP00928,P00928,2024-07-29,85,Passed,Project inspection satisfactory
INSP00929,P00929,2024-10-05,85,Passed,Project inspection satisfactory
INSP00930,P00930,2024-09-22,85,Passed,Project inspection satisfactory
INSP00931,P00931,2024-05-04,85,Passed,Project inspection satisfactory
INSP00932,P00932,2026-02-05,85,Passed,Project inspection satisfactory
INSP00933,P00933,2025-01-05,85,Passed,Project inspection satisfactory
INSP00934,P00934,2024-05-02,85,Passed,Project inspection satisfactory
INSP00935,P00935,2025-11-27,85,Passed,Project inspection satisfactory
INSP00936,P00936,2025-12-29,85,Passed,Project inspection satisfactory
INSP00937,P00937,2024-01-26,85,Passed,Project inspection satisfactory
INSP00938,P00938,2025-10-03,85,Passed,Project inspection satisfactory
INSP00939,P00939,2025-11-14,85,Passed,Project inspection satisfactory
INSP00940,P00940,2024-08-14,85,Passed,Project inspection satisfactory
INSP00941,P00941,2024-05-11,85,Passed,Project inspection satisfactory
INSP00942,P00942,2025-11-25,85,Passed,Project inspection satisfactory
INSP00943,P00943,2024-04-30,85,Passed,Project inspection satisfactory
INSP00944,P00944,2024-08-22,85,Passed,Project inspection satisfactory
INSP00945,P00945,2024-09-20,85,Passed,Project inspection satisfactory
INSP00946,P00946,2024-02-10,35,Failed,Work quality below expected standard
INSP00947,P00947,2025-04-03,85,Passed,Project inspection satisfactory
INSP00948,P00948,2024-06-28,85,Passed,Project inspection satisfactory
INSP00949,P00949,2024-06-26,85,Passed,Project inspection satisfactory
INSP00950,P00950,2025-07-04,85,Passed,Project inspection satisfactory
INSP00951,P00951,2024-11-17,85,Passed,Project inspection satisfactory
INSP00952,P00952,2025-11-06,85,Passed,Project inspection satisfactory
INSP00953,P00953,2024-01-27,85,Passed,Project inspection satisfactory
INSP00954,P00954,2025-09-11,85,Passed,Project inspection satisfactory
INSP00955,P00955,2024-08-04,85,Passed,Project inspection satisfactory
INSP00956,P00956,2026-03-02,85,Passed,Project inspection satisfactory
INSP00957,P00957,2024-06-07,85,Passed,Project inspection satisfactory
INSP00958,P00958,2025-01-02,85,Passed,Project inspection satisfactory
INSP00959,P00959,2024-05-08,85,Passed,Project inspection satisfactory
INSP00960,P00960,2026-02-12,85,Passed,Project inspection satisfactory
INSP00961,P00961,2026-01-27,45,Needs Improvement,Physical progress requires verification
INSP00962,P00962,2025-05-16,85,Passed,Project inspection satisfactory
INSP00963,P00963,2025-07-04,85,Passed,Project inspection satisfactory
INSP00964,P00964,2024-10-10,85,Passed,Project inspection satisfactory
INSP00965,P00965,2025-08-26,85,Passed,Project inspection satisfactory
INSP00966,P00966,2024-02-05,85,Passed,Project inspection satisfactory
INSP00967,P00967,2024-04-02,85,Passed,Project inspection satisfactory
INSP00968,P00968,2026-04-27,85,Passed,Project inspection satisfactory
INSP00969,P00969,2025-10-21,85,Passed,Project inspection satisfactory
INSP00970,P00970,2025-01-14,85,Passed,Project inspection satisfactory
INSP00971,P00971,2024-02-09,85,Passed,Project inspection satisfactory
INSP00972,P00972,2026-04-26,85,Passed,Project inspection satisfactory
INSP00973,P00973,2025-10-28,85,Passed,Project inspection satisfactory
INSP00974,P00974,2025-02-10,85,Passed,Project inspection satisfactory
INSP00975,P00975,2024-08-09,85,Passed,Project inspection satisfactory
INSP00976,P00976,2025-02-19,85,Passed,Project inspection satisfactory
INSP00977,P00977,2026-03-18,85,Passed,Project inspection satisfactory
INSP00978,P00978,2024-08-10,85,Passed,Project inspection satisfactory
INSP00979,P00979,2024-09-23,85,Passed,Project inspection satisfactory
INSP00980,P00980,2025-01-10,85,Passed,Project inspection satisfactory
INSP00981,P00981,2024-10-17,85,Passed,Project inspection satisfactory
INSP00982,P00982,2026-02-18,85,Passed,Project inspection satisfactory
INSP00983,P00983,2025-06-30,85,Passed,Project inspection satisfactory
INSP00984,P00984,2024-02-23,85,Passed,Project inspection satisfactory
INSP00985,P00985,2024-10-22,85,Passed,Project inspection satisfactory
INSP00986,P00986,2024-08-03,85,Passed,Project inspection satisfactory
INSP00987,P00987,2024-12-18,85,Passed,Project inspection satisfactory
INSP00988,P00988,2025-07-18,85,Passed,Project inspection satisfactory
INSP00989,P00989,2024-09-18,85,Passed,Project inspection satisfactory
INSP00990,P00990,2024-04-25,85,Passed,Project inspection satisfactory
INSP00991,P00991,2026-04-06,35,Failed,Work quality below expected standard
INSP00992,P00992,2025-04-26,85,Passed,Project inspection satisfactory
INSP00993,P00993,2025-06-06,85,Passed,Project inspection satisfactory
INSP00994,P00994,2025-05-16,85,Passed,Project inspection satisfactory
INSP00995,P00995,2025-06-11,85,Passed,Project inspection satisfactory
INSP00996,P00996,2024-02-14,85,Passed,Project inspection satisfactory
INSP00997,P00997,2025-08-02,85,Passed,Project inspection satisfactory
INSP00998,P00998,2025-10-24,85,Passed,Project inspection satisfactory
INSP00999,P00999,2026-01-13,85,Passed,Project inspection satisfactory
INSP01000,P01000,2025-11-25,85,Passed,Project inspection satisfactory
